Haiyuan,A/Haiyuan-AreaScanning-28-11-1-1113.csv
HUST1,A/HUST_1-AreaScanning-28-5-1-0851.csv
Surfers,A/Surfers-AreaScanning-28-2-1-0847.csv
Surfers,A/Surfers-AreaScanning-28-2-1-0850.csv
Surfers,A/Surfers-AreaScanning-28-2-1-0853.csv
Surfers,A/Surfers-AreaScanning-28-2-1-0855.csv
Surfers,A/Surfers-AreaScanning-28-8-1-1055.csv
Surfers,A/Surfers-AreaScanning-28-8-3-1449.csv
Surfers,A/Surfers-AreaScanning-28-8-3-1452.csv
Surfers,A/Surfers-AreaScanning-28-8-3-1506.csv
Southampton,A/Team_Southampton-AreaScanning-28-12-1-1055.csv
Zhongkong_Dui,A/Zhongkong_Dui-AreaScanning-28-11-1-1744.csv
ZMART,A/ZMART-AreaScanning-28-11-4-1448.csv




